{"cameraMode":{"drawMode":0,"name":"Shaded","section":"Shading Mode"},"sceneLighting":true,"audioPlay":false,"sceneViewState":{"showFog":true,"showMaterialUpdate":false,"showSkybox":true,"showFlares":true,"showImageEffects":true,"showParticleSystems":true},"in2DMode":false,"pivot":{"x":1.096893310546875,"y":-9.460421562194825,"z":276.0896911621094},"rotation":{"x":0.13745065033435822,"y":-0.6318945288658142,"z":0.11518785357475281,"w":0.7540215253829956},"size":29.697195053100587,"orthographic":false}